,states,fsmt,chc
0,3,0.006557261571288109,0.008604759536683559
1,7,0.022990899346768855,0.01955783860757947
