,states,fsmt,chc
0,16,0.05534467888064683,0.005007185647264123
